{"config_name": "recursive_grid_100_symbols_1171days",
 "logging_level": 0,
 "long": {"auto_unstuck_ema_dist": -0.0021519425390829896,
          "auto_unstuck_wallet_exposure_threshold": 0.06408176050569775,
          "backwards_tp": true,
          "ddown_factor": 0.603828231677181,
          "ema_span_0": 59.00,
          "ema_span_1": 100.0,
          "enabled": true,
          "initial_eprice_ema_dist": 0.004734419364069495,
          "initial_qty_pct": 0.01,
          "markup_range": 0.00,
          "min_markup": 0.01,
          "n_close_orders": 2,
          "rentry_pprice_dist": 0.025994584599945508,
          "rentry_pprice_dist_wallet_exposure_weighting": 1.463462048508012,
          "wallet_exposure_limit": 1.0},
 "short": {"auto_unstuck_ema_dist": 0.0007344477532661712,
           "auto_unstuck_wallet_exposure_threshold": 0.030988555556446123,
           "backwards_tp": true,
           "ddown_factor": 0.24148908845280387,
           "ema_span_0": 59.0,
           "ema_span_1": 100,
           "enabled": true,
           "initial_eprice_ema_dist": 0.003999677826650356,
           "initial_qty_pct": 0.01,
           "markup_range": 0.0,
           "min_markup": 0.01,
           "n_close_orders": 6,
           "rentry_pprice_dist": 0.030877275649987282,
           "rentry_pprice_dist_wallet_exposure_weighting": 3.2567762493994166,
           "wallet_exposure_limit": 1.0}}
